{"mapedit":{"tp":[{"tpout":{"z":392.12496948242,"y":-2117.2077636719,"x":2660.5261230469},"tpin":{"z":296.48739624023,"y":-1503.7409667969,"x":1948.4493408203}}]}}